Name,Email,Subject,Message,Timestamp
Ayushman,ayushman@gmail.com,Nothing,"Bss ho gya bhai...ab kr le tu","2025-04-01 06:10:28"
"AMIT BHOWMIK",amitbhowmik43869@gmail.com,XYZ,"GOOD ONE","2025-04-01 11:47:18"
"going back",AMITBHOWMIK161@GMAIL.COM,sfefse,nothing,"2025-04-01 13:26:20"
"dont know",dontkonow@gmail.com,ddd,"sant raho","2025-04-02 05:21:40"
rrrrrrrrrrrrrrr,r@gmail.com,rr,rrrr,"2025-04-05 11:44:05"
xyz,xyz@gmail.com,ccccccv,bgchchvnhjb,"2025-04-07 10:48:49"
bc,cb@gmail.com,bc,cb,"2025-04-09 19:56:54"
"AMIT BHOWMIK",amitbhowmik43869@gmail.com,XYZ,k,"2025-04-09 20:06:19"
