

























"2025-04-01 15:12:05","AMIT BHOWMIK",amitbhowmik43869@gmail.com,"VILL-ARIAKHALI, P.O-KUKRAHATI, P.S-SUTAHATA, DIS-PURBAMEDINIPUR.","Designer Sunglasses",1,29.99,29.99
"2025-04-01 19:05:07","AMIT BHOWMIK",amitbhowmik43869@gmail.com,"VILL-ARIAKHALI, P.O-KUKRAHATI, P.S-SUTAHATA, DIS-PURBAMEDINIPUR.","Astronaut Graphic Tee",1,19.99,19.99
"2025-04-01 19:05:07","AMIT BHOWMIK",amitbhowmik43869@gmail.com,"VILL-ARIAKHALI, P.O-KUKRAHATI, P.S-SUTAHATA, DIS-PURBAMEDINIPUR.","Designer Sunglasses",2,200,400
"2025-04-02 05:18:19","go back",aaa@gmail.com,no,"Astronaut Graphic Tee",1,19.99,19.99
"2025-04-02 05:18:19","go back",aaa@gmail.com,no,"Floral Casual Shirt",9,24.99,224.91
"2025-04-02 05:18:19","go back",aaa@gmail.com,no,"Elegant Red Dress",2,49.99,99.98
"2025-04-02 05:18:19","go back",aaa@gmail.com,no,"Urban Street Sneakers",1,59.99,59.99
"2025-04-02 09:40:06","rohit ",r@gmail.com,sxc,"Astronaut Graphic Tee",1,19.99,19.99
"2025-04-02 09:40:06","rohit ",r@gmail.com,sxc,"Yellow Plaid Casual Shirt",1,25.99,25.99
"2025-04-02 17:41:03","no order ",no@gmail.com,nothing,"Astronaut Graphic Tee",5,19.99,99.95
"2025-04-04 18:55:54","AMIT BHOWMIK ddddd",amitbhowmik43869@gmail.com,"VILL-ARIAKHALI, P.O-KUKRAHATI, P.S-SUTAHATA, DIS-PURBAMEDINIPUR.","Knitted Green Sweater",4,399,1596
"2025-04-04 18:55:54","AMIT BHOWMIK ddddd",amitbhowmik43869@gmail.com,"VILL-ARIAKHALI, P.O-KUKRAHATI, P.S-SUTAHATA, DIS-PURBAMEDINIPUR.","Astronaut Graphic Tee",1,19.99,19.99
"2025-04-04 18:55:54","AMIT BHOWMIK ddddd",amitbhowmik43869@gmail.com,"VILL-ARIAKHALI, P.O-KUKRAHATI, P.S-SUTAHATA, DIS-PURBAMEDINIPUR.","Floral Casual Shirt",1,24.99,24.99
"2025-04-04 18:55:54","AMIT BHOWMIK ddddd",amitbhowmik43869@gmail.com,"VILL-ARIAKHALI, P.O-KUKRAHATI, P.S-SUTAHATA, DIS-PURBAMEDINIPUR.","Vintage Bloom Shirt",1,26.99,26.99
"2025-04-04 18:55:54","AMIT BHOWMIK ddddd",amitbhowmik43869@gmail.com,"VILL-ARIAKHALI, P.O-KUKRAHATI, P.S-SUTAHATA, DIS-PURBAMEDINIPUR.","Premium Men's Blazer",1,89.99,89.99
